epoch,acc,loss,val_acc,val_loss
0,0.8772012890357976,0.3369916551392518,0.92900264,0.2089009139662041
